-- MariaDB dump 10.19  Distrib 10.6.16-MariaDB, for debian-linux-gnu (x86_64)
--
-- Host: localhost    Database: laravel
-- ------------------------------------------------------
-- Server version	10.6.16-MariaDB-0ubuntu0.22.04.1

/*!40101 SET @OLD_CHARACTER_SET_CLIENT=@@CHARACTER_SET_CLIENT */;
/*!40101 SET @OLD_CHARACTER_SET_RESULTS=@@CHARACTER_SET_RESULTS */;
/*!40101 SET @OLD_COLLATION_CONNECTION=@@COLLATION_CONNECTION */;
/*!40101 SET NAMES utf8mb4 */;
/*!40103 SET @OLD_TIME_ZONE=@@TIME_ZONE */;
/*!40103 SET TIME_ZONE='+00:00' */;
/*!40014 SET @OLD_UNIQUE_CHECKS=@@UNIQUE_CHECKS, UNIQUE_CHECKS=0 */;
/*!40014 SET @OLD_FOREIGN_KEY_CHECKS=@@FOREIGN_KEY_CHECKS, FOREIGN_KEY_CHECKS=0 */;
/*!40101 SET @OLD_SQL_MODE=@@SQL_MODE, SQL_MODE='NO_AUTO_VALUE_ON_ZERO' */;
/*!40111 SET @OLD_SQL_NOTES=@@SQL_NOTES, SQL_NOTES=0 */;

--
-- Table structure for table `Animals`
--

DROP TABLE IF EXISTS `Animals`;
/*!40101 SET @saved_cs_client     = @@character_set_client */;
/*!40101 SET character_set_client = utf8 */;
CREATE TABLE `Animals` (
  `id` bigint(20) unsigned NOT NULL AUTO_INCREMENT,
  `name` varchar(255) NOT NULL,
  `created_at` timestamp NOT NULL DEFAULT current_timestamp(),
  `updated-at` timestamp NOT NULL DEFAULT current_timestamp() ON UPDATE current_timestamp(),
  PRIMARY KEY (`id`)
) ENGINE=InnoDB AUTO_INCREMENT=135 DEFAULT CHARSET=utf8mb4 COLLATE=utf8mb4_unicode_ci;
/*!40101 SET character_set_client = @saved_cs_client */;

--
-- Dumping data for table `Animals`
--

LOCK TABLES `Animals` WRITE;
/*!40000 ALTER TABLE `Animals` DISABLE KEYS */;
INSERT INTO `Animals` VALUES (1,'Monkey','2024-03-13 22:37:19','2024-03-13 22:37:19'),(2,'Cat','2024-03-17 12:40:37','2024-03-17 12:40:37'),(3,'parrot','2024-04-14 10:35:52','2024-04-14 11:14:53'),(4,'raccoon','2024-04-14 10:35:52','2024-04-14 11:14:53'),(5,'thorny devil','2024-04-14 10:35:52','2024-04-14 11:14:53'),(6,'lemur','2024-04-14 10:35:52','2024-04-14 11:14:53'),(7,'hartebeest','2024-04-14 10:35:52','2024-04-14 11:14:53'),(8,'blue crab','2024-04-14 10:35:52','2024-04-14 11:14:53'),(9,'pig','2024-04-14 10:35:52','2024-04-14 11:14:53'),(10,'starfish','2024-04-14 10:35:52','2024-04-14 11:14:53'),(11,'doe','2024-04-14 10:35:52','2024-04-14 11:14:53'),(12,'fox','2024-04-14 10:35:52','2024-04-14 11:14:53'),(13,'fawn','2024-04-14 10:35:52','2024-04-14 11:14:53'),(14,'zebu','2024-04-14 10:35:52','2024-04-14 11:14:53'),(15,'coyote','2024-04-14 10:35:52','2024-04-14 11:14:53'),(16,'kitten','2024-04-14 10:35:52','2024-04-14 11:14:53'),(17,'armadillo','2024-04-14 10:35:52','2024-04-14 11:14:53'),(18,'wolverine','2024-04-14 10:35:52','2024-04-14 11:14:53'),(19,'otter','2024-04-14 10:35:52','2024-04-14 11:14:53'),(20,'hedgehog','2024-04-14 10:35:52','2024-04-14 11:14:53'),(21,'alligator','2024-04-14 10:35:52','2024-04-14 11:14:53'),(22,'salamander','2024-04-14 10:35:52','2024-04-14 11:14:53'),(23,'badger','2024-04-14 10:35:52','2024-04-14 11:14:53'),(24,'coati','2024-04-14 10:35:52','2024-04-14 11:14:53'),(25,'ewe','2024-04-14 10:35:52','2024-04-14 11:14:53'),(26,'walrus','2024-04-14 10:35:52','2024-04-14 11:14:53'),(27,'marten','2024-04-14 10:35:52','2024-04-14 11:14:53'),(28,'silver fox','2024-04-14 10:35:52','2024-04-14 11:14:53'),(29,'panther','2024-04-14 10:35:52','2024-04-14 11:14:53'),(30,'aardvark','2024-04-14 10:35:52','2024-04-14 11:14:53'),(31,'burro','2024-04-14 10:35:52','2024-04-14 11:14:53'),(32,'jackal','2024-04-14 10:35:52','2024-04-14 11:14:53'),(33,'addax','2024-04-14 10:35:52','2024-04-14 11:14:53'),(34,'bunny','2024-04-14 10:35:52','2024-04-14 11:14:53'),(35,'anteater','2024-04-14 10:35:52','2024-04-14 11:14:53'),(36,'mouse','2024-04-14 10:35:52','2024-04-14 11:14:53'),(37,'argali','2024-04-14 10:35:52','2024-04-14 11:14:53'),(38,'donkey','2024-04-14 10:35:52','2024-04-14 11:14:53'),(39,'gnu','2024-04-14 10:35:52','2024-04-14 11:14:53'),(40,'panda','2024-04-14 10:35:52','2024-04-14 11:14:53'),(41,'opossum','2024-04-14 10:35:52','2024-04-14 11:14:53'),(42,'boar','2024-04-14 10:35:52','2024-04-14 11:14:53'),(43,'okapi','2024-04-14 10:35:52','2024-04-14 11:14:53'),(44,'grizzly bear','2024-04-14 10:35:52','2024-04-14 11:14:53'),(45,'hare','2024-04-14 10:35:52','2024-04-14 11:14:53'),(46,'bison','2024-04-14 10:35:52','2024-04-14 11:14:53'),(47,'jaguar','2024-04-14 10:35:52','2024-04-14 11:14:53'),(48,'mountain goat','2024-04-14 10:35:52','2024-04-14 11:14:53'),(49,'zebra','2024-04-14 10:35:52','2024-04-14 11:14:53'),(50,'bighorn','2024-04-14 10:35:52','2024-04-14 11:14:53'),(51,'sloth','2024-04-14 10:35:52','2024-04-14 11:14:53'),(52,'dromedary','2024-04-14 10:35:52','2024-04-14 11:14:53'),(53,'Zubastik','2024-04-14 16:03:43','2024-04-14 16:06:14'),(54,'Funtik','2024-04-14 16:04:33','2024-04-14 16:06:14'),(55,'Funtik2','2024-04-14 17:12:50','2024-04-14 17:13:30'),(129,'Funtik','2024-04-14 17:18:59','2024-04-14 17:18:59'),(130,'Funtik2','2024-04-14 17:18:59','2024-04-14 17:18:59'),(131,'Funtik','2024-04-14 17:19:46','2024-04-14 17:19:46'),(132,'Funtik2','2024-04-14 17:19:46','2024-04-14 17:19:46'),(133,'Funtik','2024-04-14 17:20:22','2024-04-14 17:20:22'),(134,'Funtik2','2024-04-14 17:20:22','2024-04-14 17:20:22');
/*!40000 ALTER TABLE `Animals` ENABLE KEYS */;
UNLOCK TABLES;

--
-- Table structure for table `Employee`
--

DROP TABLE IF EXISTS `Employee`;
/*!40101 SET @saved_cs_client     = @@character_set_client */;
/*!40101 SET character_set_client = utf8 */;
CREATE TABLE `Employee` (
  `id` bigint(20) unsigned NOT NULL AUTO_INCREMENT,
  `name` varchar(255) NOT NULL,
  `created_at` timestamp NOT NULL DEFAULT current_timestamp(),
  `updated_at` timestamp NOT NULL DEFAULT current_timestamp() ON UPDATE current_timestamp(),
  PRIMARY KEY (`id`)
) ENGINE=InnoDB AUTO_INCREMENT=204 DEFAULT CHARSET=utf8mb4 COLLATE=utf8mb4_unicode_ci;
/*!40101 SET character_set_client = @saved_cs_client */;

--
-- Dumping data for table `Employee`
--

LOCK TABLES `Employee` WRITE;
/*!40000 ALTER TABLE `Employee` DISABLE KEYS */;
INSERT INTO `Employee` VALUES (1,'Tedy','2024-03-17 19:06:53','2024-03-17 19:06:53'),(2,'Deny','2024-03-17 19:07:20','2024-03-17 19:07:20'),(3,'Robert','2024-03-17 19:07:20','2024-03-17 19:07:20'),(4,'Avis Crona','2024-04-14 10:59:16','2024-04-14 10:59:16'),(5,'Marcelo Pacocha','2024-04-14 10:59:16','2024-04-14 10:59:16'),(6,'Devan Shanahan','2024-04-14 10:59:16','2024-04-14 10:59:16'),(7,'Athena Waelchi V','2024-04-14 10:59:16','2024-04-14 10:59:16'),(8,'Amie Kuhlman PhD','2024-04-14 10:59:16','2024-04-14 10:59:16'),(9,'Itzel Kuvalis','2024-04-14 10:59:16','2024-04-14 10:59:16'),(10,'Dr. Bart Witting MD','2024-04-14 10:59:16','2024-04-14 10:59:16'),(11,'Max Streich','2024-04-14 10:59:16','2024-04-14 10:59:16'),(12,'Miss Vallie Fisher','2024-04-14 10:59:16','2024-04-14 10:59:16'),(13,'Pablo Kub','2024-04-14 10:59:16','2024-04-14 10:59:16'),(14,'Alexandro Rosenbaum','2024-04-14 10:59:16','2024-04-14 10:59:16'),(15,'Verlie Block','2024-04-14 10:59:16','2024-04-14 10:59:16'),(16,'Mrs. Alejandra Barton I','2024-04-14 10:59:16','2024-04-14 10:59:16'),(17,'Susie Williamson PhD','2024-04-14 10:59:16','2024-04-14 10:59:16'),(18,'Emmett Kihn','2024-04-14 10:59:16','2024-04-14 10:59:16'),(19,'Alfred Stanton','2024-04-14 10:59:16','2024-04-14 10:59:16'),(20,'Saul Lowe','2024-04-14 10:59:16','2024-04-14 10:59:16'),(21,'Marley Robel','2024-04-14 10:59:16','2024-04-14 10:59:16'),(22,'Dr. Justyn Rippin V','2024-04-14 10:59:16','2024-04-14 10:59:16'),(23,'Ali Schaefer','2024-04-14 10:59:16','2024-04-14 10:59:16'),(24,'Kelley Ritchie Jr.','2024-04-14 10:59:16','2024-04-14 10:59:16'),(25,'Trevor Ferry','2024-04-14 10:59:16','2024-04-14 10:59:16'),(26,'Rosalee Hartmann','2024-04-14 10:59:16','2024-04-14 10:59:16'),(27,'Ms. Sasha Schimmel','2024-04-14 10:59:16','2024-04-14 10:59:16'),(28,'Leslie Smith','2024-04-14 10:59:16','2024-04-14 10:59:16'),(29,'Margret Kassulke','2024-04-14 10:59:16','2024-04-14 10:59:16'),(30,'Merl Cole','2024-04-14 10:59:16','2024-04-14 10:59:16'),(31,'Gabe Hegmann DDS','2024-04-14 10:59:16','2024-04-14 10:59:16'),(32,'Kelton McDermott DVM','2024-04-14 10:59:16','2024-04-14 10:59:16'),(33,'Andrew Considine','2024-04-14 10:59:16','2024-04-14 10:59:16'),(34,'Dr. Vicenta Conroy I','2024-04-14 10:59:16','2024-04-14 10:59:16'),(35,'Prof. Marcia Doyle','2024-04-14 10:59:16','2024-04-14 10:59:16'),(36,'Ward Corkery','2024-04-14 10:59:16','2024-04-14 10:59:16'),(37,'Elisa Gusikowski','2024-04-14 10:59:16','2024-04-14 10:59:16'),(38,'Claude Schumm','2024-04-14 10:59:16','2024-04-14 10:59:16'),(39,'Glenda Schmitt','2024-04-14 10:59:16','2024-04-14 10:59:16'),(40,'Darlene Schamberger','2024-04-14 10:59:16','2024-04-14 10:59:16'),(41,'Amanda Kuvalis','2024-04-14 10:59:16','2024-04-14 10:59:16'),(42,'Prof. Lisandro Smitham','2024-04-14 10:59:16','2024-04-14 10:59:16'),(43,'Prof. Dariana Konopelski','2024-04-14 10:59:16','2024-04-14 10:59:16'),(44,'Hayden Hoeger','2024-04-14 10:59:16','2024-04-14 10:59:16'),(45,'Dr. Gussie Schuster','2024-04-14 10:59:16','2024-04-14 10:59:16'),(46,'Jayden Kuhlman','2024-04-14 10:59:16','2024-04-14 10:59:16'),(47,'Prof. Rodrigo Leuschke PhD','2024-04-14 10:59:16','2024-04-14 10:59:16'),(48,'Marisa Wiza','2024-04-14 10:59:16','2024-04-14 10:59:16'),(49,'Mr. Terrance Steuber','2024-04-14 10:59:16','2024-04-14 10:59:16'),(50,'Miss Jena Bogisich','2024-04-14 10:59:16','2024-04-14 10:59:16'),(51,'Prof. Annabel Mosciski I','2024-04-14 10:59:16','2024-04-14 10:59:16'),(52,'Prof. Wiley Zboncak','2024-04-14 10:59:16','2024-04-14 10:59:16'),(53,'Dr. Phoebe Weber','2024-04-14 10:59:16','2024-04-14 10:59:16'),(54,'Dr. Fredrick Streich','2024-04-14 10:59:16','2024-04-14 10:59:16'),(55,'Freddy Windler','2024-04-14 10:59:16','2024-04-14 10:59:16'),(56,'Dolores Feil','2024-04-14 10:59:16','2024-04-14 10:59:16'),(57,'Harrison Bergstrom','2024-04-14 10:59:16','2024-04-14 10:59:16'),(58,'Magdalen Windler','2024-04-14 10:59:16','2024-04-14 10:59:16'),(59,'Clinton Barton Sr.','2024-04-14 10:59:16','2024-04-14 10:59:16'),(60,'Prof. Andreanne Feest Jr.','2024-04-14 10:59:16','2024-04-14 10:59:16'),(61,'Dr. Rolando Oberbrunner PhD','2024-04-14 10:59:16','2024-04-14 10:59:16'),(62,'Mark Dach','2024-04-14 10:59:16','2024-04-14 10:59:16'),(63,'Howell O\'Connell','2024-04-14 10:59:16','2024-04-14 10:59:16'),(64,'Rudolph Lubowitz','2024-04-14 10:59:16','2024-04-14 10:59:16'),(65,'Rahsaan Williamson Sr.','2024-04-14 10:59:16','2024-04-14 10:59:16'),(66,'Mr. Rocio Langosh','2024-04-14 10:59:16','2024-04-14 10:59:16'),(67,'Mrs. Brittany McCullough','2024-04-14 10:59:16','2024-04-14 10:59:16'),(68,'Silas Collins','2024-04-14 10:59:16','2024-04-14 10:59:16'),(69,'Tristin Gerlach Jr.','2024-04-14 10:59:16','2024-04-14 10:59:16'),(70,'Mr. Floyd Cormier','2024-04-14 10:59:16','2024-04-14 10:59:16'),(71,'Prof. Seth Lindgren','2024-04-14 10:59:16','2024-04-14 10:59:16'),(72,'Dr. Hayden Kassulke I','2024-04-14 10:59:16','2024-04-14 10:59:16'),(73,'Allison Hoeger','2024-04-14 10:59:16','2024-04-14 10:59:16'),(74,'Prof. Juvenal Emmerich DVM','2024-04-14 10:59:16','2024-04-14 10:59:16'),(75,'Libbie Treutel V','2024-04-14 10:59:16','2024-04-14 10:59:16'),(76,'Mrs. Abigail Weimann','2024-04-14 10:59:16','2024-04-14 10:59:16'),(77,'Elissa Wiegand','2024-04-14 10:59:16','2024-04-14 10:59:16'),(78,'Hannah Kunze II','2024-04-14 10:59:16','2024-04-14 10:59:16'),(79,'Burley Bogan','2024-04-14 10:59:16','2024-04-14 10:59:16'),(80,'Dr. Nicholas Kirlin','2024-04-14 10:59:16','2024-04-14 10:59:16'),(81,'Prof. Ike Wolf II','2024-04-14 10:59:16','2024-04-14 10:59:16'),(82,'Jamarcus Schiller','2024-04-14 10:59:16','2024-04-14 10:59:16'),(83,'April Fay','2024-04-14 10:59:16','2024-04-14 10:59:16'),(84,'Jordan Schamberger','2024-04-14 10:59:16','2024-04-14 10:59:16'),(85,'Barry Skiles','2024-04-14 10:59:16','2024-04-14 10:59:16'),(86,'Frances Sanford','2024-04-14 10:59:16','2024-04-14 10:59:16'),(87,'Jacey Keeling','2024-04-14 10:59:16','2024-04-14 10:59:16'),(88,'Dr. Clair Halvorson','2024-04-14 10:59:16','2024-04-14 10:59:16'),(89,'Monique Wintheiser Jr.','2024-04-14 10:59:16','2024-04-14 10:59:16'),(90,'Neva Walsh','2024-04-14 10:59:16','2024-04-14 10:59:16'),(91,'Mitchell Farrell','2024-04-14 10:59:16','2024-04-14 10:59:16'),(92,'Mr. Watson Considine','2024-04-14 10:59:16','2024-04-14 10:59:16'),(93,'Miss Caitlyn Hudson II','2024-04-14 10:59:16','2024-04-14 10:59:16'),(94,'Roy Runolfsson','2024-04-14 10:59:16','2024-04-14 10:59:16'),(95,'Ocie Ferry','2024-04-14 10:59:16','2024-04-14 10:59:16'),(96,'Meda Schoen','2024-04-14 10:59:16','2024-04-14 10:59:16'),(97,'Pierce Abshire','2024-04-14 10:59:16','2024-04-14 10:59:16'),(98,'Constantin Jakubowski','2024-04-14 10:59:16','2024-04-14 10:59:16'),(99,'Dr. Valentin Rice','2024-04-14 10:59:16','2024-04-14 10:59:16'),(100,'Dax DuBuque','2024-04-14 10:59:16','2024-04-14 10:59:16'),(101,'Brittany Aufderhar','2024-04-14 10:59:16','2024-04-14 10:59:16'),(102,'Dr. Robyn Block Jr.','2024-04-14 10:59:16','2024-04-14 10:59:16'),(103,'Ms. Malvina Schiller','2024-04-14 10:59:16','2024-04-14 10:59:16'),(104,'Velva Schoen I','2024-04-14 10:59:16','2024-04-14 10:59:16'),(105,'Lori Tromp','2024-04-14 10:59:16','2024-04-14 10:59:16'),(106,'Jedidiah Ullrich','2024-04-14 10:59:16','2024-04-14 10:59:16'),(107,'Tanya Hudson','2024-04-14 10:59:16','2024-04-14 10:59:16'),(108,'Gregory Green','2024-04-14 10:59:17','2024-04-14 10:59:17'),(109,'Clay Wisoky','2024-04-14 10:59:17','2024-04-14 10:59:17'),(110,'Oscar Bartell','2024-04-14 10:59:17','2024-04-14 10:59:17'),(111,'Brooke Ebert','2024-04-14 10:59:17','2024-04-14 10:59:17'),(112,'Juliana Bechtelar','2024-04-14 10:59:17','2024-04-14 10:59:17'),(113,'Rico Lehner','2024-04-14 10:59:17','2024-04-14 10:59:17'),(114,'Prof. Pietro Beer Jr.','2024-04-14 10:59:17','2024-04-14 10:59:17'),(115,'Tate Dietrich PhD','2024-04-14 10:59:17','2024-04-14 10:59:17'),(116,'Dorian Hudson','2024-04-14 10:59:17','2024-04-14 10:59:17'),(117,'Kristopher Berge V','2024-04-14 10:59:17','2024-04-14 10:59:17'),(118,'Mrs. Evelyn Parisian','2024-04-14 10:59:17','2024-04-14 10:59:17'),(119,'Carmine Pacocha','2024-04-14 10:59:17','2024-04-14 10:59:17'),(120,'Willow Bailey','2024-04-14 10:59:17','2024-04-14 10:59:17'),(121,'Allene Ritchie','2024-04-14 10:59:17','2024-04-14 10:59:17'),(122,'Ms. Karolann Rath','2024-04-14 10:59:17','2024-04-14 10:59:17'),(123,'Mariano Pfannerstill','2024-04-14 10:59:17','2024-04-14 10:59:17'),(124,'Destinee Kunde','2024-04-14 10:59:17','2024-04-14 10:59:17'),(125,'Rebekah Dibbert','2024-04-14 10:59:17','2024-04-14 10:59:17'),(126,'Marcus Kuvalis DDS','2024-04-14 10:59:17','2024-04-14 10:59:17'),(127,'Bart Jones','2024-04-14 10:59:17','2024-04-14 10:59:17'),(128,'Ms. Bonnie Treutel','2024-04-14 10:59:17','2024-04-14 10:59:17'),(129,'Hiram Kiehn','2024-04-14 10:59:17','2024-04-14 10:59:17'),(130,'Jaylin Braun','2024-04-14 10:59:17','2024-04-14 10:59:17'),(131,'Prof. Jonas Emard','2024-04-14 10:59:17','2024-04-14 10:59:17'),(132,'Russell Mertz','2024-04-14 10:59:17','2024-04-14 10:59:17'),(133,'Salma Marquardt','2024-04-14 10:59:17','2024-04-14 10:59:17'),(134,'Prof. Anderson Kihn Jr.','2024-04-14 10:59:17','2024-04-14 10:59:17'),(135,'Mrs. Aglae McLaughlin','2024-04-14 10:59:17','2024-04-14 10:59:17'),(136,'Madisen Grant','2024-04-14 10:59:17','2024-04-14 10:59:17'),(137,'Karolann Deckow','2024-04-14 10:59:17','2024-04-14 10:59:17'),(138,'Ewald Murray PhD','2024-04-14 10:59:17','2024-04-14 10:59:17'),(139,'Heather Schroeder','2024-04-14 10:59:17','2024-04-14 10:59:17'),(140,'Heather Moen','2024-04-14 10:59:17','2024-04-14 10:59:17'),(141,'Boris Howell','2024-04-14 10:59:17','2024-04-14 10:59:17'),(142,'Arch Fritsch','2024-04-14 10:59:17','2024-04-14 10:59:17'),(143,'Prof. Quinton Ryan','2024-04-14 10:59:17','2024-04-14 10:59:17'),(144,'Chaz Russel','2024-04-14 10:59:17','2024-04-14 10:59:17'),(145,'Octavia Gottlieb','2024-04-14 10:59:17','2024-04-14 10:59:17'),(146,'Kale Denesik','2024-04-14 10:59:17','2024-04-14 10:59:17'),(147,'Johnny Oberbrunner','2024-04-14 10:59:17','2024-04-14 10:59:17'),(148,'Makayla McClure','2024-04-14 10:59:17','2024-04-14 10:59:17'),(149,'Abraham Wolff','2024-04-14 10:59:17','2024-04-14 10:59:17'),(150,'Miss Claudine Parker','2024-04-14 10:59:17','2024-04-14 10:59:17'),(151,'Vernie Weissnat','2024-04-14 10:59:17','2024-04-14 10:59:17'),(152,'Myrtie Gutkowski','2024-04-14 10:59:17','2024-04-14 10:59:17'),(153,'Frederick Runte','2024-04-14 10:59:17','2024-04-14 10:59:17'),(154,'Brooklyn Skiles','2024-04-14 10:59:17','2024-04-14 10:59:17'),(155,'Prof. Eleonore Renner MD','2024-04-14 10:59:17','2024-04-14 10:59:17'),(156,'Rosemary Schuster','2024-04-14 10:59:17','2024-04-14 10:59:17'),(157,'Celia Lockman','2024-04-14 10:59:17','2024-04-14 10:59:17'),(158,'Prof. Anahi Volkman Sr.','2024-04-14 10:59:17','2024-04-14 10:59:17'),(159,'Wilfredo Labadie','2024-04-14 10:59:17','2024-04-14 10:59:17'),(160,'Prof. Edgar Renner','2024-04-14 10:59:17','2024-04-14 10:59:17'),(161,'Dr. Erik Conroy I','2024-04-14 10:59:17','2024-04-14 10:59:17'),(162,'Shanel Lesch','2024-04-14 10:59:17','2024-04-14 10:59:17'),(163,'Eliane Parker','2024-04-14 10:59:17','2024-04-14 10:59:17'),(164,'Chesley Johnston','2024-04-14 10:59:17','2024-04-14 10:59:17'),(165,'Savanna Wyman III','2024-04-14 10:59:17','2024-04-14 10:59:17'),(166,'Durward Bailey MD','2024-04-14 10:59:17','2024-04-14 10:59:17'),(167,'Hazel Bosco','2024-04-14 10:59:17','2024-04-14 10:59:17'),(168,'Garland Ortiz DDS','2024-04-14 10:59:17','2024-04-14 10:59:17'),(169,'Rosetta Prosacco','2024-04-14 10:59:17','2024-04-14 10:59:17'),(170,'Deangelo Smith','2024-04-14 10:59:17','2024-04-14 10:59:17'),(171,'Mr. Ashton Bernhard MD','2024-04-14 10:59:17','2024-04-14 10:59:17'),(172,'Miss Nona Goodwin III','2024-04-14 10:59:17','2024-04-14 10:59:17'),(173,'Brenna Jast III','2024-04-14 10:59:17','2024-04-14 10:59:17'),(174,'Golda Fay','2024-04-14 10:59:17','2024-04-14 10:59:17'),(175,'Cole Fadel','2024-04-14 10:59:17','2024-04-14 10:59:17'),(176,'Aiyana Ullrich III','2024-04-14 10:59:17','2024-04-14 10:59:17'),(177,'Ruthe Koch','2024-04-14 10:59:17','2024-04-14 10:59:17'),(178,'Seamus Abernathy DVM','2024-04-14 10:59:17','2024-04-14 10:59:17'),(179,'Christina Abbott','2024-04-14 10:59:17','2024-04-14 10:59:17'),(180,'Branson Douglas','2024-04-14 10:59:17','2024-04-14 10:59:17'),(181,'Annabelle Langworth','2024-04-14 10:59:17','2024-04-14 10:59:17'),(182,'Moshe Littel','2024-04-14 10:59:17','2024-04-14 10:59:17'),(183,'Golda Brown','2024-04-14 10:59:17','2024-04-14 10:59:17'),(184,'Maud Stehr','2024-04-14 10:59:17','2024-04-14 10:59:17'),(185,'Twila Raynor II','2024-04-14 10:59:17','2024-04-14 10:59:17'),(186,'Nils Haag','2024-04-14 10:59:17','2024-04-14 10:59:17'),(187,'Dr. Favian Larkin I','2024-04-14 10:59:17','2024-04-14 10:59:17'),(188,'Jeffry Hilpert','2024-04-14 10:59:17','2024-04-14 10:59:17'),(189,'Jermey Langosh','2024-04-14 10:59:17','2024-04-14 10:59:17'),(190,'Mrs. Judy Lind','2024-04-14 10:59:17','2024-04-14 10:59:17'),(191,'Joannie Satterfield','2024-04-14 10:59:17','2024-04-14 10:59:17'),(192,'Dr. Theresia Little','2024-04-14 10:59:17','2024-04-14 10:59:17'),(193,'Orval Metz','2024-04-14 10:59:17','2024-04-14 10:59:17'),(194,'Corine Macejkovic','2024-04-14 10:59:17','2024-04-14 10:59:17'),(195,'Tobin Sawayn','2024-04-14 10:59:17','2024-04-14 10:59:17'),(196,'Emmanuelle Marquardt III','2024-04-14 10:59:17','2024-04-14 10:59:17'),(197,'Prof. Selmer Jacobi','2024-04-14 10:59:17','2024-04-14 10:59:17'),(198,'Jamison Bode DVM','2024-04-14 10:59:17','2024-04-14 10:59:17'),(199,'Emile Schultz','2024-04-14 10:59:17','2024-04-14 10:59:17'),(200,'Dr. Jocelyn Flatley','2024-04-14 10:59:17','2024-04-14 10:59:17'),(201,'Miller Mante','2024-04-14 10:59:17','2024-04-14 10:59:17'),(202,'Cleta Sawayn PhD','2024-04-14 10:59:17','2024-04-14 10:59:17'),(203,'Miss Lessie Breitenberg','2024-04-14 10:59:17','2024-04-14 10:59:17');
/*!40000 ALTER TABLE `Employee` ENABLE KEYS */;
UNLOCK TABLES;

--
-- Table structure for table `Food`
--

DROP TABLE IF EXISTS `Food`;
/*!40101 SET @saved_cs_client     = @@character_set_client */;
/*!40101 SET character_set_client = utf8 */;
CREATE TABLE `Food` (
  `id` bigint(20) unsigned NOT NULL AUTO_INCREMENT,
  `animal_feed` varchar(255) NOT NULL,
  `created_at` timestamp NOT NULL DEFAULT current_timestamp(),
  `updated-at` timestamp NOT NULL DEFAULT current_timestamp() ON UPDATE current_timestamp(),
  PRIMARY KEY (`id`)
) ENGINE=InnoDB AUTO_INCREMENT=45 DEFAULT CHARSET=utf8mb4 COLLATE=utf8mb4_unicode_ci;
/*!40101 SET character_set_client = @saved_cs_client */;

--
-- Dumping data for table `Food`
--

LOCK TABLES `Food` WRITE;
/*!40000 ALTER TABLE `Food` DISABLE KEYS */;
INSERT INTO `Food` VALUES (1,'Banan','2024-03-17 19:08:03','2024-03-17 19:08:03'),(2,'Cucumber','2024-03-17 19:08:03','2024-03-17 19:08:03'),(3,'Tomat','2024-03-17 19:08:03','2024-03-17 19:08:03'),(4,'boysenberry','2024-04-14 11:12:20','2024-04-14 11:12:20'),(5,'apricot','2024-04-14 11:12:20','2024-04-14 11:12:20'),(6,'huckleberry','2024-04-14 11:12:20','2024-04-14 11:12:20'),(7,'peach','2024-04-14 11:12:20','2024-04-14 11:12:20'),(8,'lemon','2024-04-14 11:12:20','2024-04-14 11:12:20'),(9,'honeydew','2024-04-14 11:12:20','2024-04-14 11:12:20'),(10,'kiwi','2024-04-14 11:12:20','2024-04-14 11:12:20'),(11,'passon_fruit','2024-04-14 11:12:20','2024-04-14 11:12:20'),(12,'orange','2024-04-14 11:12:20','2024-04-14 11:12:20'),(13,'raspberry','2024-04-14 11:12:20','2024-04-14 11:12:20'),(14,'coconut','2024-04-14 11:12:20','2024-04-14 11:12:20'),(15,'grapefruit','2024-04-14 11:12:20','2024-04-14 11:12:20'),(16,'dragonfruit','2024-04-14 11:12:20','2024-04-14 11:12:20'),(17,'banana','2024-04-14 11:12:20','2024-04-14 11:12:20'),(18,'kumquat','2024-04-14 11:12:20','2024-04-14 11:12:20'),(19,'plum','2024-04-14 11:12:20','2024-04-14 11:12:20'),(20,'blackberry','2024-04-14 11:12:20','2024-04-14 11:12:20'),(21,'date','2024-04-14 11:12:20','2024-04-14 11:12:20'),(22,'lime','2024-04-14 11:12:20','2024-04-14 11:12:20'),(23,'fig','2024-04-14 11:12:20','2024-04-14 11:12:20'),(24,'pear','2024-04-14 11:12:20','2024-04-14 11:12:20'),(25,'grape','2024-04-14 11:12:20','2024-04-14 11:12:20'),(26,'cantaloupe','2024-04-14 11:12:20','2024-04-14 11:12:20'),(27,'mango','2024-04-14 11:12:20','2024-04-14 11:12:20'),(28,'apple','2024-04-14 11:12:20','2024-04-14 11:12:20'),(29,'tomato','2024-04-14 11:12:20','2024-04-14 11:12:20'),(30,'satsuma','2024-04-14 11:12:20','2024-04-14 11:12:20'),(31,'nectarine','2024-04-14 11:12:20','2024-04-14 11:12:20'),(32,'strawberry','2024-04-14 11:12:20','2024-04-14 11:12:20'),(33,'cherry','2024-04-14 11:12:20','2024-04-14 11:12:20'),(34,'jujube','2024-04-14 11:12:20','2024-04-14 11:12:20'),(35,'guava','2024-04-14 11:12:20','2024-04-14 11:12:20'),(36,'pomegranate','2024-04-14 11:12:20','2024-04-14 11:12:20'),(37,'clementine','2024-04-14 11:12:20','2024-04-14 11:12:20'),(38,'papaya','2024-04-14 11:12:20','2024-04-14 11:12:20'),(39,'pineapple','2024-04-14 11:12:20','2024-04-14 11:12:20'),(40,'star fruit','2024-04-14 11:12:20','2024-04-14 11:12:20'),(41,'blueberry','2024-04-14 11:12:20','2024-04-14 11:12:20'),(42,'tangerine','2024-04-14 11:12:20','2024-04-14 11:12:20'),(43,'avocado','2024-04-14 11:12:20','2024-04-14 11:12:20'),(44,'watermelon','2024-04-14 11:12:20','2024-04-14 11:12:20');
/*!40000 ALTER TABLE `Food` ENABLE KEYS */;
UNLOCK TABLES;

--
-- Table structure for table `Food_animal`
--

DROP TABLE IF EXISTS `Food_animal`;
/*!40101 SET @saved_cs_client     = @@character_set_client */;
/*!40101 SET character_set_client = utf8 */;
CREATE TABLE `Food_animal` (
  `id` bigint(20) unsigned NOT NULL AUTO_INCREMENT,
  `animal_feed_id` bigint(20) unsigned NOT NULL,
  `animal_id` bigint(20) unsigned NOT NULL,
  `created_at` timestamp NOT NULL DEFAULT current_timestamp(),
  `updated-at` timestamp NOT NULL DEFAULT current_timestamp() ON UPDATE current_timestamp(),
  PRIMARY KEY (`id`),
  KEY `food_animal_animal_id_foreign` (`animal_id`),
  KEY `food_animal_animal_feed_id_foreign` (`animal_feed_id`),
  CONSTRAINT `food_animal_animal_feed_id_foreign` FOREIGN KEY (`animal_feed_id`) REFERENCES `Food` (`id`),
  CONSTRAINT `food_animal_animal_id_foreign` FOREIGN KEY (`animal_id`) REFERENCES `Animals` (`id`)
) ENGINE=InnoDB AUTO_INCREMENT=209 DEFAULT CHARSET=utf8mb4 COLLATE=utf8mb4_unicode_ci;
/*!40101 SET character_set_client = @saved_cs_client */;

--
-- Dumping data for table `Food_animal`
--

LOCK TABLES `Food_animal` WRITE;
/*!40000 ALTER TABLE `Food_animal` DISABLE KEYS */;
INSERT INTO `Food_animal` VALUES (1,1,1,'2024-03-17 19:09:09','2024-03-17 19:09:09'),(2,2,2,'2024-03-17 19:09:41','2024-03-17 19:09:41'),(3,3,1,'2024-03-17 19:09:41','2024-03-17 19:09:41'),(4,10,34,'2024-04-14 11:39:10','2024-04-14 11:39:10'),(5,17,42,'2024-04-14 11:39:10','2024-04-14 11:39:10'),(6,14,7,'2024-04-14 11:39:10','2024-04-14 11:39:10'),(7,39,6,'2024-04-14 11:39:10','2024-04-14 11:39:10'),(8,15,40,'2024-04-14 11:39:10','2024-04-14 11:39:10'),(9,23,37,'2024-04-14 11:40:35','2024-04-14 11:40:35'),(10,17,5,'2024-04-14 11:40:35','2024-04-14 11:40:35'),(11,6,49,'2024-04-14 11:40:35','2024-04-14 11:40:35'),(12,40,8,'2024-04-14 11:40:35','2024-04-14 11:40:35'),(13,1,20,'2024-04-14 11:40:35','2024-04-14 11:40:35'),(14,41,6,'2024-04-14 11:40:35','2024-04-14 11:40:35'),(15,39,1,'2024-04-14 11:40:35','2024-04-14 11:40:35'),(16,29,25,'2024-04-14 11:40:35','2024-04-14 11:40:35'),(17,19,30,'2024-04-14 11:40:35','2024-04-14 11:40:35'),(18,31,43,'2024-04-14 11:40:35','2024-04-14 11:40:35'),(19,4,24,'2024-04-14 11:40:35','2024-04-14 11:40:35'),(20,10,39,'2024-04-14 11:40:35','2024-04-14 11:40:35'),(21,20,17,'2024-04-14 11:40:35','2024-04-14 11:40:35'),(22,3,24,'2024-04-14 11:40:35','2024-04-14 11:40:35'),(23,6,3,'2024-04-14 11:40:35','2024-04-14 11:40:35'),(24,19,39,'2024-04-14 11:40:35','2024-04-14 11:40:35'),(25,28,19,'2024-04-14 11:40:35','2024-04-14 11:40:35'),(26,3,3,'2024-04-14 11:40:35','2024-04-14 11:40:35'),(27,26,25,'2024-04-14 11:40:35','2024-04-14 11:40:35'),(28,11,51,'2024-04-14 11:40:35','2024-04-14 11:40:35'),(29,39,42,'2024-04-14 11:40:35','2024-04-14 11:40:35'),(30,33,37,'2024-04-14 11:40:35','2024-04-14 11:40:35'),(31,4,8,'2024-04-14 11:40:35','2024-04-14 11:40:35'),(32,19,28,'2024-04-14 11:40:35','2024-04-14 11:40:35'),(33,4,10,'2024-04-14 11:40:35','2024-04-14 11:40:35'),(34,13,23,'2024-04-14 11:40:35','2024-04-14 11:40:35'),(35,2,13,'2024-04-14 11:40:35','2024-04-14 11:40:35'),(36,25,36,'2024-04-14 11:40:35','2024-04-14 11:40:35'),(37,29,18,'2024-04-14 11:40:35','2024-04-14 11:40:35'),(38,16,42,'2024-04-14 11:40:35','2024-04-14 11:40:35'),(39,16,24,'2024-04-14 11:40:35','2024-04-14 11:40:35'),(40,15,14,'2024-04-14 11:40:35','2024-04-14 11:40:35'),(41,8,34,'2024-04-14 11:40:35','2024-04-14 11:40:35'),(42,24,29,'2024-04-14 11:40:35','2024-04-14 11:40:35'),(43,32,41,'2024-04-14 11:40:35','2024-04-14 11:40:35'),(44,42,6,'2024-04-14 11:40:35','2024-04-14 11:40:35'),(45,20,8,'2024-04-14 11:40:35','2024-04-14 11:40:35'),(46,37,26,'2024-04-14 11:40:35','2024-04-14 11:40:35'),(47,26,39,'2024-04-14 11:40:35','2024-04-14 11:40:35'),(48,12,16,'2024-04-14 11:40:35','2024-04-14 11:40:35'),(49,39,27,'2024-04-14 11:40:35','2024-04-14 11:40:35'),(50,19,27,'2024-04-14 11:40:35','2024-04-14 11:40:35'),(51,8,41,'2024-04-14 11:40:35','2024-04-14 11:40:35'),(52,31,19,'2024-04-14 11:40:35','2024-04-14 11:40:35'),(53,28,8,'2024-04-14 11:40:35','2024-04-14 11:40:35'),(54,2,5,'2024-04-14 11:40:35','2024-04-14 11:40:35'),(55,27,4,'2024-04-14 11:40:35','2024-04-14 11:40:35'),(56,21,21,'2024-04-14 11:40:35','2024-04-14 11:40:35'),(57,37,19,'2024-04-14 11:40:35','2024-04-14 11:40:35'),(58,31,41,'2024-04-14 11:40:35','2024-04-14 11:40:35'),(59,43,16,'2024-04-14 11:40:35','2024-04-14 11:40:35'),(60,41,7,'2024-04-14 11:40:35','2024-04-14 11:40:35'),(61,6,44,'2024-04-14 11:40:35','2024-04-14 11:40:35'),(62,30,16,'2024-04-14 11:40:35','2024-04-14 11:40:35'),(63,35,49,'2024-04-14 11:40:35','2024-04-14 11:40:35'),(64,31,11,'2024-04-14 11:40:35','2024-04-14 11:40:35'),(65,12,14,'2024-04-14 11:40:35','2024-04-14 11:40:35'),(66,40,37,'2024-04-14 11:40:35','2024-04-14 11:40:35'),(67,30,15,'2024-04-14 11:40:35','2024-04-14 11:40:35'),(68,42,51,'2024-04-14 11:40:35','2024-04-14 11:40:35'),(69,18,11,'2024-04-14 11:40:35','2024-04-14 11:40:35'),(70,10,2,'2024-04-14 11:40:35','2024-04-14 11:40:35'),(71,3,49,'2024-04-14 11:40:35','2024-04-14 11:40:35'),(72,9,3,'2024-04-14 11:40:35','2024-04-14 11:40:35'),(73,11,24,'2024-04-14 11:40:35','2024-04-14 11:40:35'),(74,38,26,'2024-04-14 11:40:35','2024-04-14 11:40:35'),(75,35,45,'2024-04-14 11:40:35','2024-04-14 11:40:35'),(76,6,2,'2024-04-14 11:40:35','2024-04-14 11:40:35'),(77,31,8,'2024-04-14 11:40:35','2024-04-14 11:40:35'),(78,40,14,'2024-04-14 11:40:35','2024-04-14 11:40:35'),(79,26,48,'2024-04-14 11:40:35','2024-04-14 11:40:35'),(80,16,49,'2024-04-14 11:40:35','2024-04-14 11:40:35'),(81,11,24,'2024-04-14 11:40:35','2024-04-14 11:40:35'),(82,29,21,'2024-04-14 11:40:35','2024-04-14 11:40:35'),(83,10,2,'2024-04-14 11:40:35','2024-04-14 11:40:35'),(84,7,44,'2024-04-14 11:40:35','2024-04-14 11:40:35'),(85,43,15,'2024-04-14 11:40:35','2024-04-14 11:40:35'),(86,36,36,'2024-04-14 11:40:35','2024-04-14 11:40:35'),(87,13,29,'2024-04-14 11:40:35','2024-04-14 11:40:35'),(88,22,17,'2024-04-14 11:40:35','2024-04-14 11:40:35'),(89,42,32,'2024-04-14 11:40:35','2024-04-14 11:40:35'),(90,19,5,'2024-04-14 11:40:35','2024-04-14 11:40:35'),(91,26,3,'2024-04-14 11:40:35','2024-04-14 11:40:35'),(92,7,51,'2024-04-14 11:40:35','2024-04-14 11:40:35'),(93,36,34,'2024-04-14 11:40:35','2024-04-14 11:40:35'),(94,30,48,'2024-04-14 11:40:35','2024-04-14 11:40:35'),(95,24,6,'2024-04-14 11:40:35','2024-04-14 11:40:35'),(96,11,8,'2024-04-14 11:40:35','2024-04-14 11:40:35'),(97,14,20,'2024-04-14 11:40:35','2024-04-14 11:40:35'),(98,42,33,'2024-04-14 11:40:35','2024-04-14 11:40:35'),(99,41,52,'2024-04-14 11:40:35','2024-04-14 11:40:35'),(100,11,31,'2024-04-14 11:40:35','2024-04-14 11:40:35'),(101,36,34,'2024-04-14 11:40:35','2024-04-14 11:40:35'),(102,27,31,'2024-04-14 11:40:35','2024-04-14 11:40:35'),(103,1,43,'2024-04-14 11:40:35','2024-04-14 11:40:35'),(104,15,23,'2024-04-14 11:40:35','2024-04-14 11:40:35'),(105,15,42,'2024-04-14 11:40:35','2024-04-14 11:40:35'),(106,7,6,'2024-04-14 11:40:35','2024-04-14 11:40:35'),(107,5,17,'2024-04-14 11:40:35','2024-04-14 11:40:35'),(108,13,48,'2024-04-14 11:40:35','2024-04-14 11:40:35'),(109,20,31,'2024-04-14 11:40:35','2024-04-14 11:40:35'),(110,36,6,'2024-04-14 11:40:35','2024-04-14 11:40:35'),(111,4,27,'2024-04-14 11:40:35','2024-04-14 11:40:35'),(112,42,11,'2024-04-14 11:40:35','2024-04-14 11:40:35'),(113,23,3,'2024-04-14 11:40:35','2024-04-14 11:40:35'),(114,44,11,'2024-04-14 11:40:35','2024-04-14 11:40:35'),(115,18,49,'2024-04-14 11:40:35','2024-04-14 11:40:35'),(116,29,47,'2024-04-14 11:40:35','2024-04-14 11:40:35'),(117,31,17,'2024-04-14 11:40:35','2024-04-14 11:40:35'),(118,6,23,'2024-04-14 11:40:35','2024-04-14 11:40:35'),(119,22,39,'2024-04-14 11:40:35','2024-04-14 11:40:35'),(120,16,51,'2024-04-14 11:40:35','2024-04-14 11:40:35'),(121,7,33,'2024-04-14 11:40:35','2024-04-14 11:40:35'),(122,39,5,'2024-04-14 11:40:35','2024-04-14 11:40:35'),(123,23,47,'2024-04-14 11:40:35','2024-04-14 11:40:35'),(124,2,38,'2024-04-14 11:40:35','2024-04-14 11:40:35'),(125,9,51,'2024-04-14 11:40:35','2024-04-14 11:40:35'),(126,1,23,'2024-04-14 11:40:35','2024-04-14 11:40:35'),(127,3,2,'2024-04-14 11:40:35','2024-04-14 11:40:35'),(128,40,52,'2024-04-14 11:40:35','2024-04-14 11:40:35'),(129,41,32,'2024-04-14 11:40:35','2024-04-14 11:40:35'),(130,30,20,'2024-04-14 11:40:35','2024-04-14 11:40:35'),(131,16,31,'2024-04-14 11:40:35','2024-04-14 11:40:35'),(132,13,31,'2024-04-14 11:40:35','2024-04-14 11:40:35'),(133,13,45,'2024-04-14 11:40:35','2024-04-14 11:40:35'),(134,21,52,'2024-04-14 11:40:35','2024-04-14 11:40:35'),(135,1,45,'2024-04-14 11:40:35','2024-04-14 11:40:35'),(136,44,49,'2024-04-14 11:40:35','2024-04-14 11:40:35'),(137,28,38,'2024-04-14 11:40:35','2024-04-14 11:40:35'),(138,39,16,'2024-04-14 11:40:35','2024-04-14 11:40:35'),(139,19,49,'2024-04-14 11:40:35','2024-04-14 11:40:35'),(140,37,7,'2024-04-14 11:40:35','2024-04-14 11:40:35'),(141,11,52,'2024-04-14 11:40:35','2024-04-14 11:40:35'),(142,21,4,'2024-04-14 11:40:35','2024-04-14 11:40:35'),(143,30,25,'2024-04-14 11:40:35','2024-04-14 11:40:35'),(144,6,33,'2024-04-14 11:40:35','2024-04-14 11:40:35'),(145,23,45,'2024-04-14 11:40:35','2024-04-14 11:40:35'),(146,38,47,'2024-04-14 11:40:35','2024-04-14 11:40:35'),(147,40,5,'2024-04-14 11:40:35','2024-04-14 11:40:35'),(148,41,18,'2024-04-14 11:40:35','2024-04-14 11:40:35'),(149,36,42,'2024-04-14 11:40:35','2024-04-14 11:40:35'),(150,16,45,'2024-04-14 11:40:35','2024-04-14 11:40:35'),(151,11,6,'2024-04-14 11:40:35','2024-04-14 11:40:35'),(152,12,38,'2024-04-14 11:40:35','2024-04-14 11:40:35'),(153,36,33,'2024-04-14 11:40:35','2024-04-14 11:40:35'),(154,10,3,'2024-04-14 11:40:35','2024-04-14 11:40:35'),(155,15,5,'2024-04-14 11:40:35','2024-04-14 11:40:35'),(156,15,18,'2024-04-14 11:40:35','2024-04-14 11:40:35'),(157,36,47,'2024-04-14 11:40:35','2024-04-14 11:40:35'),(158,12,22,'2024-04-14 11:40:35','2024-04-14 11:40:35'),(159,31,27,'2024-04-14 11:40:35','2024-04-14 11:40:35'),(160,2,19,'2024-04-14 11:40:35','2024-04-14 11:40:35'),(161,6,44,'2024-04-14 11:40:35','2024-04-14 11:40:35'),(162,36,34,'2024-04-14 11:40:35','2024-04-14 11:40:35'),(163,24,23,'2024-04-14 11:40:35','2024-04-14 11:40:35'),(164,9,16,'2024-04-14 11:40:35','2024-04-14 11:40:35'),(165,3,11,'2024-04-14 11:40:35','2024-04-14 11:40:35'),(166,38,12,'2024-04-14 11:40:35','2024-04-14 11:40:35'),(167,43,27,'2024-04-14 11:40:35','2024-04-14 11:40:35'),(168,43,15,'2024-04-14 11:40:35','2024-04-14 11:40:35'),(169,4,37,'2024-04-14 11:40:35','2024-04-14 11:40:35'),(170,24,48,'2024-04-14 11:40:35','2024-04-14 11:40:35'),(171,41,49,'2024-04-14 11:40:35','2024-04-14 11:40:35'),(172,8,3,'2024-04-14 11:40:35','2024-04-14 11:40:35'),(173,2,44,'2024-04-14 11:40:35','2024-04-14 11:40:35'),(174,3,14,'2024-04-14 11:40:35','2024-04-14 11:40:35'),(175,31,16,'2024-04-14 11:40:35','2024-04-14 11:40:35'),(176,42,44,'2024-04-14 11:40:35','2024-04-14 11:40:35'),(177,16,12,'2024-04-14 11:40:35','2024-04-14 11:40:35'),(178,28,35,'2024-04-14 11:40:35','2024-04-14 11:40:35'),(179,8,4,'2024-04-14 11:40:35','2024-04-14 11:40:35'),(180,30,21,'2024-04-14 11:40:35','2024-04-14 11:40:35'),(181,29,31,'2024-04-14 11:40:35','2024-04-14 11:40:35'),(182,25,31,'2024-04-14 11:40:35','2024-04-14 11:40:35'),(183,5,46,'2024-04-14 11:40:35','2024-04-14 11:40:35'),(184,2,3,'2024-04-14 11:40:35','2024-04-14 11:40:35'),(185,41,33,'2024-04-14 11:40:35','2024-04-14 11:40:35'),(186,31,23,'2024-04-14 11:40:35','2024-04-14 11:40:35'),(187,1,19,'2024-04-14 11:40:35','2024-04-14 11:40:35'),(188,11,46,'2024-04-14 11:40:35','2024-04-14 11:40:35'),(189,23,20,'2024-04-14 11:40:35','2024-04-14 11:40:35'),(190,14,51,'2024-04-14 11:40:35','2024-04-14 11:40:35'),(191,7,7,'2024-04-14 11:40:35','2024-04-14 11:40:35'),(192,3,41,'2024-04-14 11:40:35','2024-04-14 11:40:35'),(193,26,3,'2024-04-14 11:40:35','2024-04-14 11:40:35'),(194,41,24,'2024-04-14 11:40:35','2024-04-14 11:40:35'),(195,37,5,'2024-04-14 11:40:35','2024-04-14 11:40:35'),(196,41,3,'2024-04-14 11:40:35','2024-04-14 11:40:35'),(197,1,21,'2024-04-14 11:40:35','2024-04-14 11:40:35'),(198,44,17,'2024-04-14 11:40:35','2024-04-14 11:40:35'),(199,33,6,'2024-04-14 11:40:35','2024-04-14 11:40:35'),(200,27,35,'2024-04-14 11:40:35','2024-04-14 11:40:35'),(201,37,39,'2024-04-14 11:40:35','2024-04-14 11:40:35'),(202,40,24,'2024-04-14 11:40:35','2024-04-14 11:40:35'),(203,44,30,'2024-04-14 11:40:35','2024-04-14 11:40:35'),(204,40,32,'2024-04-14 11:40:35','2024-04-14 11:40:35'),(205,26,14,'2024-04-14 11:40:35','2024-04-14 11:40:35'),(206,6,2,'2024-04-14 11:40:35','2024-04-14 11:40:35'),(207,29,21,'2024-04-14 11:40:35','2024-04-14 11:40:35'),(208,21,22,'2024-04-14 11:40:35','2024-04-14 11:40:35');
/*!40000 ALTER TABLE `Food_animal` ENABLE KEYS */;
UNLOCK TABLES;

--
-- Table structure for table `Supervisor`
--

DROP TABLE IF EXISTS `Supervisor`;
/*!40101 SET @saved_cs_client     = @@character_set_client */;
/*!40101 SET character_set_client = utf8 */;
CREATE TABLE `Supervisor` (
  `id` bigint(20) unsigned NOT NULL AUTO_INCREMENT,
  `employee_id` bigint(20) unsigned NOT NULL,
  `animals_id` bigint(20) unsigned NOT NULL,
  `created_at` timestamp NOT NULL DEFAULT current_timestamp(),
  `updated_at` timestamp NOT NULL DEFAULT current_timestamp() ON UPDATE current_timestamp(),
  PRIMARY KEY (`id`),
  KEY `supervisor_supervisor_id_foreign` (`employee_id`),
  KEY `supervisor_animals_id_foreign` (`animals_id`),
  CONSTRAINT `supervisor_animals_id_foreign` FOREIGN KEY (`animals_id`) REFERENCES `Animals` (`id`),
  CONSTRAINT `supervisor_supervisor_id_foreign` FOREIGN KEY (`employee_id`) REFERENCES `Employee` (`id`)
) ENGINE=InnoDB AUTO_INCREMENT=404 DEFAULT CHARSET=utf8mb4 COLLATE=utf8mb4_unicode_ci;
/*!40101 SET character_set_client = @saved_cs_client */;

--
-- Dumping data for table `Supervisor`
--

LOCK TABLES `Supervisor` WRITE;
/*!40000 ALTER TABLE `Supervisor` DISABLE KEYS */;
INSERT INTO `Supervisor` VALUES (1,1,1,'2024-03-17 19:10:03','2024-03-17 19:10:03'),(2,2,2,'2024-03-17 19:10:03','2024-03-17 19:10:03'),(3,2,1,'2024-03-17 19:10:03','2024-03-17 19:10:03'),(4,112,52,'2024-04-14 11:48:52','2024-04-14 11:48:52'),(5,137,11,'2024-04-14 11:48:52','2024-04-14 11:48:52'),(6,43,25,'2024-04-14 11:48:52','2024-04-14 11:48:52'),(7,103,46,'2024-04-14 11:48:52','2024-04-14 11:48:52'),(8,88,34,'2024-04-14 11:48:52','2024-04-14 11:48:52'),(9,124,39,'2024-04-14 11:48:52','2024-04-14 11:48:52'),(10,18,24,'2024-04-14 11:48:52','2024-04-14 11:48:52'),(11,141,48,'2024-04-14 11:48:52','2024-04-14 11:48:52'),(12,74,23,'2024-04-14 11:48:52','2024-04-14 11:48:52'),(13,117,26,'2024-04-14 11:48:52','2024-04-14 11:48:52'),(14,203,15,'2024-04-14 11:48:52','2024-04-14 11:48:52'),(15,139,45,'2024-04-14 11:48:52','2024-04-14 11:48:52'),(16,31,47,'2024-04-14 11:48:52','2024-04-14 11:48:52'),(17,135,18,'2024-04-14 11:48:52','2024-04-14 11:48:52'),(18,35,20,'2024-04-14 11:48:52','2024-04-14 11:48:52'),(19,20,18,'2024-04-14 11:48:52','2024-04-14 11:48:52'),(20,160,36,'2024-04-14 11:48:52','2024-04-14 11:48:52'),(21,117,26,'2024-04-14 11:48:52','2024-04-14 11:48:52'),(22,169,28,'2024-04-14 11:48:52','2024-04-14 11:48:52'),(23,12,6,'2024-04-14 11:48:52','2024-04-14 11:48:52'),(24,158,1,'2024-04-14 11:48:52','2024-04-14 11:48:52'),(25,125,2,'2024-04-14 11:48:52','2024-04-14 11:48:52'),(26,146,44,'2024-04-14 11:48:52','2024-04-14 11:48:52'),(27,181,24,'2024-04-14 11:48:52','2024-04-14 11:48:52'),(28,13,8,'2024-04-14 11:48:52','2024-04-14 11:48:52'),(29,74,14,'2024-04-14 11:48:52','2024-04-14 11:48:52'),(30,188,37,'2024-04-14 11:48:52','2024-04-14 11:48:52'),(31,45,34,'2024-04-14 11:48:52','2024-04-14 11:48:52'),(32,115,29,'2024-04-14 11:48:52','2024-04-14 11:48:52'),(33,113,37,'2024-04-14 11:48:52','2024-04-14 11:48:52'),(34,57,28,'2024-04-14 11:48:52','2024-04-14 11:48:52'),(35,6,27,'2024-04-14 11:48:52','2024-04-14 11:48:52'),(36,71,13,'2024-04-14 11:48:52','2024-04-14 11:48:52'),(37,157,23,'2024-04-14 11:48:52','2024-04-14 11:48:52'),(38,187,43,'2024-04-14 11:48:52','2024-04-14 11:48:52'),(39,105,18,'2024-04-14 11:48:52','2024-04-14 11:48:52'),(40,49,45,'2024-04-14 11:48:52','2024-04-14 11:48:52'),(41,143,3,'2024-04-14 11:48:52','2024-04-14 11:48:52'),(42,25,50,'2024-04-14 11:48:52','2024-04-14 11:48:52'),(43,24,12,'2024-04-14 11:48:52','2024-04-14 11:48:52'),(44,180,1,'2024-04-14 11:48:52','2024-04-14 11:48:52'),(45,133,10,'2024-04-14 11:48:52','2024-04-14 11:48:52'),(46,182,35,'2024-04-14 11:48:52','2024-04-14 11:48:52'),(47,132,23,'2024-04-14 11:48:52','2024-04-14 11:48:52'),(48,42,26,'2024-04-14 11:48:52','2024-04-14 11:48:52'),(49,85,30,'2024-04-14 11:48:52','2024-04-14 11:48:52'),(50,97,51,'2024-04-14 11:48:52','2024-04-14 11:48:52'),(51,104,5,'2024-04-14 11:48:52','2024-04-14 11:48:52'),(52,186,9,'2024-04-14 11:48:52','2024-04-14 11:48:52'),(53,80,11,'2024-04-14 11:48:52','2024-04-14 11:48:52'),(54,16,33,'2024-04-14 11:48:52','2024-04-14 11:48:52'),(55,180,7,'2024-04-14 11:48:52','2024-04-14 11:48:52'),(56,30,43,'2024-04-14 11:48:52','2024-04-14 11:48:52'),(57,34,27,'2024-04-14 11:48:52','2024-04-14 11:48:52'),(58,98,32,'2024-04-14 11:48:52','2024-04-14 11:48:52'),(59,66,1,'2024-04-14 11:48:52','2024-04-14 11:48:52'),(60,157,34,'2024-04-14 11:48:52','2024-04-14 11:48:52'),(61,115,16,'2024-04-14 11:48:52','2024-04-14 11:48:52'),(62,4,34,'2024-04-14 11:48:52','2024-04-14 11:48:52'),(63,96,1,'2024-04-14 11:48:52','2024-04-14 11:48:52'),(64,35,33,'2024-04-14 11:48:52','2024-04-14 11:48:52'),(65,4,43,'2024-04-14 11:48:52','2024-04-14 11:48:52'),(66,154,27,'2024-04-14 11:48:52','2024-04-14 11:48:52'),(67,9,42,'2024-04-14 11:48:52','2024-04-14 11:48:52'),(68,179,43,'2024-04-14 11:48:52','2024-04-14 11:48:52'),(69,185,46,'2024-04-14 11:48:52','2024-04-14 11:48:52'),(70,90,10,'2024-04-14 11:48:52','2024-04-14 11:48:52'),(71,16,3,'2024-04-14 11:48:52','2024-04-14 11:48:52'),(72,39,42,'2024-04-14 11:48:52','2024-04-14 11:48:52'),(73,56,22,'2024-04-14 11:48:52','2024-04-14 11:48:52'),(74,195,16,'2024-04-14 11:48:52','2024-04-14 11:48:52'),(75,49,7,'2024-04-14 11:48:52','2024-04-14 11:48:52'),(76,116,34,'2024-04-14 11:48:52','2024-04-14 11:48:52'),(77,24,1,'2024-04-14 11:48:52','2024-04-14 11:48:52'),(78,162,20,'2024-04-14 11:48:52','2024-04-14 11:48:52'),(79,146,27,'2024-04-14 11:48:52','2024-04-14 11:48:52'),(80,154,42,'2024-04-14 11:48:52','2024-04-14 11:48:52'),(81,57,47,'2024-04-14 11:48:52','2024-04-14 11:48:52'),(82,168,30,'2024-04-14 11:48:52','2024-04-14 11:48:52'),(83,108,44,'2024-04-14 11:48:52','2024-04-14 11:48:52'),(84,28,39,'2024-04-14 11:48:52','2024-04-14 11:48:52'),(85,22,51,'2024-04-14 11:48:52','2024-04-14 11:48:52'),(86,95,25,'2024-04-14 11:48:53','2024-04-14 11:48:53'),(87,8,33,'2024-04-14 11:48:53','2024-04-14 11:48:53'),(88,42,46,'2024-04-14 11:48:53','2024-04-14 11:48:53'),(89,174,20,'2024-04-14 11:48:53','2024-04-14 11:48:53'),(90,55,51,'2024-04-14 11:48:53','2024-04-14 11:48:53'),(91,16,51,'2024-04-14 11:48:53','2024-04-14 11:48:53'),(92,116,41,'2024-04-14 11:48:53','2024-04-14 11:48:53'),(93,60,23,'2024-04-14 11:48:53','2024-04-14 11:48:53'),(94,142,1,'2024-04-14 11:48:53','2024-04-14 11:48:53'),(95,194,27,'2024-04-14 11:48:53','2024-04-14 11:48:53'),(96,53,32,'2024-04-14 11:48:53','2024-04-14 11:48:53'),(97,53,5,'2024-04-14 11:48:53','2024-04-14 11:48:53'),(98,194,40,'2024-04-14 11:48:53','2024-04-14 11:48:53'),(99,179,22,'2024-04-14 11:48:53','2024-04-14 11:48:53'),(100,79,13,'2024-04-14 11:48:53','2024-04-14 11:48:53'),(101,30,3,'2024-04-14 11:48:53','2024-04-14 11:48:53'),(102,83,5,'2024-04-14 11:48:53','2024-04-14 11:48:53'),(103,9,32,'2024-04-14 11:48:53','2024-04-14 11:48:53'),(104,21,20,'2024-04-14 11:48:53','2024-04-14 11:48:53'),(105,61,50,'2024-04-14 11:48:53','2024-04-14 11:48:53'),(106,156,32,'2024-04-14 11:48:53','2024-04-14 11:48:53'),(107,3,24,'2024-04-14 11:48:53','2024-04-14 11:48:53'),(108,110,46,'2024-04-14 11:48:53','2024-04-14 11:48:53'),(109,189,48,'2024-04-14 11:48:53','2024-04-14 11:48:53'),(110,178,35,'2024-04-14 11:48:53','2024-04-14 11:48:53'),(111,65,51,'2024-04-14 11:48:53','2024-04-14 11:48:53'),(112,78,31,'2024-04-14 11:48:53','2024-04-14 11:48:53'),(113,84,26,'2024-04-14 11:48:53','2024-04-14 11:48:53'),(114,203,5,'2024-04-14 11:48:53','2024-04-14 11:48:53'),(115,42,31,'2024-04-14 11:48:53','2024-04-14 11:48:53'),(116,23,9,'2024-04-14 11:48:53','2024-04-14 11:48:53'),(117,148,45,'2024-04-14 11:48:53','2024-04-14 11:48:53'),(118,122,52,'2024-04-14 11:48:53','2024-04-14 11:48:53'),(119,83,9,'2024-04-14 11:48:53','2024-04-14 11:48:53'),(120,38,27,'2024-04-14 11:48:53','2024-04-14 11:48:53'),(121,143,27,'2024-04-14 11:48:53','2024-04-14 11:48:53'),(122,138,44,'2024-04-14 11:48:53','2024-04-14 11:48:53'),(123,10,32,'2024-04-14 11:48:53','2024-04-14 11:48:53'),(124,168,26,'2024-04-14 11:48:53','2024-04-14 11:48:53'),(125,136,27,'2024-04-14 11:48:53','2024-04-14 11:48:53'),(126,143,2,'2024-04-14 11:48:53','2024-04-14 11:48:53'),(127,154,49,'2024-04-14 11:48:53','2024-04-14 11:48:53'),(128,127,45,'2024-04-14 11:48:53','2024-04-14 11:48:53'),(129,100,9,'2024-04-14 11:48:53','2024-04-14 11:48:53'),(130,113,37,'2024-04-14 11:48:53','2024-04-14 11:48:53'),(131,104,43,'2024-04-14 11:48:53','2024-04-14 11:48:53'),(132,181,35,'2024-04-14 11:48:53','2024-04-14 11:48:53'),(133,75,32,'2024-04-14 11:48:53','2024-04-14 11:48:53'),(134,83,25,'2024-04-14 11:48:53','2024-04-14 11:48:53'),(135,193,13,'2024-04-14 11:48:53','2024-04-14 11:48:53'),(136,63,8,'2024-04-14 11:48:53','2024-04-14 11:48:53'),(137,100,46,'2024-04-14 11:48:53','2024-04-14 11:48:53'),(138,15,29,'2024-04-14 11:48:53','2024-04-14 11:48:53'),(139,70,1,'2024-04-14 11:48:53','2024-04-14 11:48:53'),(140,141,42,'2024-04-14 11:48:53','2024-04-14 11:48:53'),(141,61,45,'2024-04-14 11:48:53','2024-04-14 11:48:53'),(142,68,14,'2024-04-14 11:48:53','2024-04-14 11:48:53'),(143,37,32,'2024-04-14 11:48:53','2024-04-14 11:48:53'),(144,97,51,'2024-04-14 11:48:53','2024-04-14 11:48:53'),(145,146,24,'2024-04-14 11:48:53','2024-04-14 11:48:53'),(146,128,7,'2024-04-14 11:48:53','2024-04-14 11:48:53'),(147,44,22,'2024-04-14 11:48:53','2024-04-14 11:48:53'),(148,164,30,'2024-04-14 11:48:53','2024-04-14 11:48:53'),(149,141,50,'2024-04-14 11:48:53','2024-04-14 11:48:53'),(150,54,31,'2024-04-14 11:48:53','2024-04-14 11:48:53'),(151,51,2,'2024-04-14 11:48:53','2024-04-14 11:48:53'),(152,176,38,'2024-04-14 11:48:53','2024-04-14 11:48:53'),(153,119,24,'2024-04-14 11:48:53','2024-04-14 11:48:53'),(154,30,51,'2024-04-14 11:48:53','2024-04-14 11:48:53'),(155,192,24,'2024-04-14 11:48:53','2024-04-14 11:48:53'),(156,49,49,'2024-04-14 11:48:53','2024-04-14 11:48:53'),(157,158,21,'2024-04-14 11:48:53','2024-04-14 11:48:53'),(158,107,37,'2024-04-14 11:48:53','2024-04-14 11:48:53'),(159,142,44,'2024-04-14 11:48:53','2024-04-14 11:48:53'),(160,15,7,'2024-04-14 11:48:53','2024-04-14 11:48:53'),(161,180,51,'2024-04-14 11:48:53','2024-04-14 11:48:53'),(162,75,44,'2024-04-14 11:48:53','2024-04-14 11:48:53'),(163,26,49,'2024-04-14 11:48:53','2024-04-14 11:48:53'),(164,140,17,'2024-04-14 11:48:53','2024-04-14 11:48:53'),(165,72,19,'2024-04-14 11:48:53','2024-04-14 11:48:53'),(166,6,44,'2024-04-14 11:48:53','2024-04-14 11:48:53'),(167,40,46,'2024-04-14 11:48:53','2024-04-14 11:48:53'),(168,119,28,'2024-04-14 11:48:53','2024-04-14 11:48:53'),(169,40,33,'2024-04-14 11:48:53','2024-04-14 11:48:53'),(170,161,50,'2024-04-14 11:48:53','2024-04-14 11:48:53'),(171,123,38,'2024-04-14 11:48:53','2024-04-14 11:48:53'),(172,119,43,'2024-04-14 11:48:53','2024-04-14 11:48:53'),(173,121,28,'2024-04-14 11:48:53','2024-04-14 11:48:53'),(174,177,5,'2024-04-14 11:48:53','2024-04-14 11:48:53'),(175,71,39,'2024-04-14 11:48:53','2024-04-14 11:48:53'),(176,189,40,'2024-04-14 11:48:53','2024-04-14 11:48:53'),(177,40,33,'2024-04-14 11:48:53','2024-04-14 11:48:53'),(178,172,24,'2024-04-14 11:48:53','2024-04-14 11:48:53'),(179,116,52,'2024-04-14 11:48:53','2024-04-14 11:48:53'),(180,117,41,'2024-04-14 11:48:53','2024-04-14 11:48:53'),(181,44,24,'2024-04-14 11:48:53','2024-04-14 11:48:53'),(182,56,4,'2024-04-14 11:48:53','2024-04-14 11:48:53'),(183,86,36,'2024-04-14 11:48:53','2024-04-14 11:48:53'),(184,65,49,'2024-04-14 11:48:53','2024-04-14 11:48:53'),(185,148,34,'2024-04-14 11:48:53','2024-04-14 11:48:53'),(186,69,12,'2024-04-14 11:48:53','2024-04-14 11:48:53'),(187,127,11,'2024-04-14 11:48:53','2024-04-14 11:48:53'),(188,104,2,'2024-04-14 11:48:53','2024-04-14 11:48:53'),(189,35,31,'2024-04-14 11:48:53','2024-04-14 11:48:53'),(190,164,41,'2024-04-14 11:48:53','2024-04-14 11:48:53'),(191,153,20,'2024-04-14 11:48:53','2024-04-14 11:48:53'),(192,136,5,'2024-04-14 11:48:53','2024-04-14 11:48:53'),(193,26,3,'2024-04-14 11:48:53','2024-04-14 11:48:53'),(194,142,10,'2024-04-14 11:48:53','2024-04-14 11:48:53'),(195,118,23,'2024-04-14 11:48:53','2024-04-14 11:48:53'),(196,64,29,'2024-04-14 11:48:53','2024-04-14 11:48:53'),(197,22,40,'2024-04-14 11:48:53','2024-04-14 11:48:53'),(198,152,24,'2024-04-14 11:48:53','2024-04-14 11:48:53'),(199,131,32,'2024-04-14 11:48:53','2024-04-14 11:48:53'),(200,44,30,'2024-04-14 11:48:53','2024-04-14 11:48:53'),(201,175,9,'2024-04-14 11:48:53','2024-04-14 11:48:53'),(202,72,30,'2024-04-14 11:48:53','2024-04-14 11:48:53'),(203,11,31,'2024-04-14 11:48:53','2024-04-14 11:48:53'),(204,101,16,'2024-04-14 11:50:12','2024-04-14 11:50:12'),(205,62,51,'2024-04-14 11:50:12','2024-04-14 11:50:12'),(206,50,9,'2024-04-14 11:50:12','2024-04-14 11:50:12'),(207,157,23,'2024-04-14 11:50:12','2024-04-14 11:50:12'),(208,203,45,'2024-04-14 11:50:12','2024-04-14 11:50:12'),(209,154,10,'2024-04-14 11:50:12','2024-04-14 11:50:12'),(210,70,11,'2024-04-14 11:50:12','2024-04-14 11:50:12'),(211,100,17,'2024-04-14 11:50:12','2024-04-14 11:50:12'),(212,95,47,'2024-04-14 11:50:12','2024-04-14 11:50:12'),(213,139,12,'2024-04-14 11:50:12','2024-04-14 11:50:12'),(214,37,7,'2024-04-14 11:50:12','2024-04-14 11:50:12'),(215,158,28,'2024-04-14 11:50:12','2024-04-14 11:50:12'),(216,58,35,'2024-04-14 11:50:12','2024-04-14 11:50:12'),(217,85,15,'2024-04-14 11:50:12','2024-04-14 11:50:12'),(218,137,42,'2024-04-14 11:50:12','2024-04-14 11:50:12'),(219,19,16,'2024-04-14 11:50:12','2024-04-14 11:50:12'),(220,32,29,'2024-04-14 11:50:12','2024-04-14 11:50:12'),(221,61,46,'2024-04-14 11:50:12','2024-04-14 11:50:12'),(222,153,19,'2024-04-14 11:50:12','2024-04-14 11:50:12'),(223,9,38,'2024-04-14 11:50:12','2024-04-14 11:50:12'),(224,113,33,'2024-04-14 11:50:12','2024-04-14 11:50:12'),(225,122,6,'2024-04-14 11:50:12','2024-04-14 11:50:12'),(226,164,39,'2024-04-14 11:50:12','2024-04-14 11:50:12'),(227,160,21,'2024-04-14 11:50:12','2024-04-14 11:50:12'),(228,103,11,'2024-04-14 11:50:12','2024-04-14 11:50:12'),(229,189,31,'2024-04-14 11:50:12','2024-04-14 11:50:12'),(230,71,40,'2024-04-14 11:50:12','2024-04-14 11:50:12'),(231,56,18,'2024-04-14 11:50:12','2024-04-14 11:50:12'),(232,155,41,'2024-04-14 11:50:12','2024-04-14 11:50:12'),(233,47,15,'2024-04-14 11:50:12','2024-04-14 11:50:12'),(234,64,2,'2024-04-14 11:50:12','2024-04-14 11:50:12'),(235,46,14,'2024-04-14 11:50:12','2024-04-14 11:50:12'),(236,22,19,'2024-04-14 11:50:12','2024-04-14 11:50:12'),(237,160,35,'2024-04-14 11:50:12','2024-04-14 11:50:12'),(238,146,51,'2024-04-14 11:50:12','2024-04-14 11:50:12'),(239,91,24,'2024-04-14 11:50:12','2024-04-14 11:50:12'),(240,27,27,'2024-04-14 11:50:12','2024-04-14 11:50:12'),(241,47,3,'2024-04-14 11:50:12','2024-04-14 11:50:12'),(242,45,3,'2024-04-14 11:50:12','2024-04-14 11:50:12'),(243,194,22,'2024-04-14 11:50:12','2024-04-14 11:50:12'),(244,40,45,'2024-04-14 11:50:12','2024-04-14 11:50:12'),(245,4,34,'2024-04-14 11:50:12','2024-04-14 11:50:12'),(246,174,4,'2024-04-14 11:50:12','2024-04-14 11:50:12'),(247,175,26,'2024-04-14 11:50:12','2024-04-14 11:50:12'),(248,45,47,'2024-04-14 11:50:12','2024-04-14 11:50:12'),(249,123,38,'2024-04-14 11:50:12','2024-04-14 11:50:12'),(250,170,3,'2024-04-14 11:50:12','2024-04-14 11:50:12'),(251,86,14,'2024-04-14 11:50:12','2024-04-14 11:50:12'),(252,132,50,'2024-04-14 11:50:12','2024-04-14 11:50:12'),(253,123,22,'2024-04-14 11:50:12','2024-04-14 11:50:12'),(254,176,29,'2024-04-14 11:50:12','2024-04-14 11:50:12'),(255,193,41,'2024-04-14 11:50:12','2024-04-14 11:50:12'),(256,10,34,'2024-04-14 11:50:12','2024-04-14 11:50:12'),(257,199,47,'2024-04-14 11:50:12','2024-04-14 11:50:12'),(258,103,25,'2024-04-14 11:50:12','2024-04-14 11:50:12'),(259,181,52,'2024-04-14 11:50:12','2024-04-14 11:50:12'),(260,71,9,'2024-04-14 11:50:12','2024-04-14 11:50:12'),(261,172,31,'2024-04-14 11:50:12','2024-04-14 11:50:12'),(262,32,44,'2024-04-14 11:50:12','2024-04-14 11:50:12'),(263,174,27,'2024-04-14 11:50:12','2024-04-14 11:50:12'),(264,8,29,'2024-04-14 11:50:12','2024-04-14 11:50:12'),(265,30,40,'2024-04-14 11:50:12','2024-04-14 11:50:12'),(266,145,10,'2024-04-14 11:50:12','2024-04-14 11:50:12'),(267,197,26,'2024-04-14 11:50:12','2024-04-14 11:50:12'),(268,103,5,'2024-04-14 11:50:12','2024-04-14 11:50:12'),(269,40,41,'2024-04-14 11:50:12','2024-04-14 11:50:12'),(270,72,25,'2024-04-14 11:50:12','2024-04-14 11:50:12'),(271,181,28,'2024-04-14 11:50:12','2024-04-14 11:50:12'),(272,114,8,'2024-04-14 11:50:12','2024-04-14 11:50:12'),(273,49,47,'2024-04-14 11:50:12','2024-04-14 11:50:12'),(274,25,19,'2024-04-14 11:50:12','2024-04-14 11:50:12'),(275,140,51,'2024-04-14 11:50:12','2024-04-14 11:50:12'),(276,58,52,'2024-04-14 11:50:12','2024-04-14 11:50:12'),(277,67,13,'2024-04-14 11:50:12','2024-04-14 11:50:12'),(278,38,44,'2024-04-14 11:50:12','2024-04-14 11:50:12'),(279,121,51,'2024-04-14 11:50:12','2024-04-14 11:50:12'),(280,96,4,'2024-04-14 11:50:12','2024-04-14 11:50:12'),(281,174,35,'2024-04-14 11:50:12','2024-04-14 11:50:12'),(282,16,43,'2024-04-14 11:50:12','2024-04-14 11:50:12'),(283,90,7,'2024-04-14 11:50:12','2024-04-14 11:50:12'),(284,137,4,'2024-04-14 11:50:12','2024-04-14 11:50:12'),(285,141,47,'2024-04-14 11:50:12','2024-04-14 11:50:12'),(286,156,13,'2024-04-14 11:50:12','2024-04-14 11:50:12'),(287,18,39,'2024-04-14 11:50:12','2024-04-14 11:50:12'),(288,115,38,'2024-04-14 11:50:12','2024-04-14 11:50:12'),(289,90,46,'2024-04-14 11:50:12','2024-04-14 11:50:12'),(290,16,24,'2024-04-14 11:50:12','2024-04-14 11:50:12'),(291,41,35,'2024-04-14 11:50:12','2024-04-14 11:50:12'),(292,92,28,'2024-04-14 11:50:12','2024-04-14 11:50:12'),(293,174,42,'2024-04-14 11:50:12','2024-04-14 11:50:12'),(294,138,2,'2024-04-14 11:50:12','2024-04-14 11:50:12'),(295,52,28,'2024-04-14 11:50:12','2024-04-14 11:50:12'),(296,149,22,'2024-04-14 11:50:12','2024-04-14 11:50:12'),(297,97,52,'2024-04-14 11:50:12','2024-04-14 11:50:12'),(298,166,47,'2024-04-14 11:50:12','2024-04-14 11:50:12'),(299,140,25,'2024-04-14 11:50:12','2024-04-14 11:50:12'),(300,137,4,'2024-04-14 11:50:12','2024-04-14 11:50:12'),(301,15,40,'2024-04-14 11:50:12','2024-04-14 11:50:12'),(302,183,34,'2024-04-14 11:50:12','2024-04-14 11:50:12'),(303,183,46,'2024-04-14 11:50:12','2024-04-14 11:50:12'),(304,5,28,'2024-04-14 11:50:12','2024-04-14 11:50:12'),(305,50,13,'2024-04-14 11:50:12','2024-04-14 11:50:12'),(306,117,8,'2024-04-14 11:50:12','2024-04-14 11:50:12'),(307,51,51,'2024-04-14 11:50:12','2024-04-14 11:50:12'),(308,142,49,'2024-04-14 11:50:12','2024-04-14 11:50:12'),(309,110,15,'2024-04-14 11:50:12','2024-04-14 11:50:12'),(310,182,49,'2024-04-14 11:50:12','2024-04-14 11:50:12'),(311,112,20,'2024-04-14 11:50:12','2024-04-14 11:50:12'),(312,86,13,'2024-04-14 11:50:12','2024-04-14 11:50:12'),(313,191,11,'2024-04-14 11:50:12','2024-04-14 11:50:12'),(314,113,33,'2024-04-14 11:50:12','2024-04-14 11:50:12'),(315,70,52,'2024-04-14 11:50:12','2024-04-14 11:50:12'),(316,27,3,'2024-04-14 11:50:12','2024-04-14 11:50:12'),(317,139,11,'2024-04-14 11:50:12','2024-04-14 11:50:12'),(318,127,14,'2024-04-14 11:50:12','2024-04-14 11:50:12'),(319,114,10,'2024-04-14 11:50:12','2024-04-14 11:50:12'),(320,69,45,'2024-04-14 11:50:12','2024-04-14 11:50:12'),(321,93,9,'2024-04-14 11:50:12','2024-04-14 11:50:12'),(322,78,11,'2024-04-14 11:50:12','2024-04-14 11:50:12'),(323,104,20,'2024-04-14 11:50:12','2024-04-14 11:50:12'),(324,143,10,'2024-04-14 11:50:12','2024-04-14 11:50:12'),(325,46,39,'2024-04-14 11:50:12','2024-04-14 11:50:12'),(326,72,10,'2024-04-14 11:50:12','2024-04-14 11:50:12'),(327,13,7,'2024-04-14 11:50:12','2024-04-14 11:50:12'),(328,193,24,'2024-04-14 11:50:12','2024-04-14 11:50:12'),(329,125,14,'2024-04-14 11:50:12','2024-04-14 11:50:12'),(330,15,37,'2024-04-14 11:50:12','2024-04-14 11:50:12'),(331,7,1,'2024-04-14 11:50:12','2024-04-14 11:50:12'),(332,98,26,'2024-04-14 11:50:12','2024-04-14 11:50:12'),(333,140,33,'2024-04-14 11:50:12','2024-04-14 11:50:12'),(334,3,31,'2024-04-14 11:50:12','2024-04-14 11:50:12'),(335,77,9,'2024-04-14 11:50:12','2024-04-14 11:50:12'),(336,132,47,'2024-04-14 11:50:12','2024-04-14 11:50:12'),(337,78,21,'2024-04-14 11:50:12','2024-04-14 11:50:12'),(338,111,13,'2024-04-14 11:50:12','2024-04-14 11:50:12'),(339,200,6,'2024-04-14 11:50:12','2024-04-14 11:50:12'),(340,110,34,'2024-04-14 11:50:12','2024-04-14 11:50:12'),(341,65,9,'2024-04-14 11:50:12','2024-04-14 11:50:12'),(342,155,52,'2024-04-14 11:50:12','2024-04-14 11:50:12'),(343,155,35,'2024-04-14 11:50:12','2024-04-14 11:50:12'),(344,165,36,'2024-04-14 11:50:12','2024-04-14 11:50:12'),(345,103,12,'2024-04-14 11:50:12','2024-04-14 11:50:12'),(346,118,30,'2024-04-14 11:50:12','2024-04-14 11:50:12'),(347,51,37,'2024-04-14 11:50:12','2024-04-14 11:50:12'),(348,18,27,'2024-04-14 11:50:12','2024-04-14 11:50:12'),(349,141,14,'2024-04-14 11:50:12','2024-04-14 11:50:12'),(350,145,17,'2024-04-14 11:50:12','2024-04-14 11:50:12'),(351,84,48,'2024-04-14 11:50:12','2024-04-14 11:50:12'),(352,122,38,'2024-04-14 11:50:12','2024-04-14 11:50:12'),(353,53,44,'2024-04-14 11:50:12','2024-04-14 11:50:12'),(354,162,2,'2024-04-14 11:50:12','2024-04-14 11:50:12'),(355,63,17,'2024-04-14 11:50:12','2024-04-14 11:50:12'),(356,132,19,'2024-04-14 11:50:12','2024-04-14 11:50:12'),(357,144,42,'2024-04-14 11:50:12','2024-04-14 11:50:12'),(358,162,12,'2024-04-14 11:50:12','2024-04-14 11:50:12'),(359,80,21,'2024-04-14 11:50:12','2024-04-14 11:50:12'),(360,5,37,'2024-04-14 11:50:12','2024-04-14 11:50:12'),(361,102,32,'2024-04-14 11:50:12','2024-04-14 11:50:12'),(362,64,17,'2024-04-14 11:50:12','2024-04-14 11:50:12'),(363,94,17,'2024-04-14 11:50:12','2024-04-14 11:50:12'),(364,132,38,'2024-04-14 11:50:12','2024-04-14 11:50:12'),(365,135,35,'2024-04-14 11:50:12','2024-04-14 11:50:12'),(366,131,14,'2024-04-14 11:50:12','2024-04-14 11:50:12'),(367,103,42,'2024-04-14 11:50:12','2024-04-14 11:50:12'),(368,61,43,'2024-04-14 11:50:12','2024-04-14 11:50:12'),(369,127,49,'2024-04-14 11:50:12','2024-04-14 11:50:12'),(370,133,41,'2024-04-14 11:50:12','2024-04-14 11:50:12'),(371,85,48,'2024-04-14 11:50:12','2024-04-14 11:50:12'),(372,103,2,'2024-04-14 11:50:12','2024-04-14 11:50:12'),(373,59,24,'2024-04-14 11:50:12','2024-04-14 11:50:12'),(374,92,36,'2024-04-14 11:50:12','2024-04-14 11:50:12'),(375,167,42,'2024-04-14 11:50:12','2024-04-14 11:50:12'),(376,178,42,'2024-04-14 11:50:12','2024-04-14 11:50:12'),(377,138,19,'2024-04-14 11:50:12','2024-04-14 11:50:12'),(378,42,34,'2024-04-14 11:50:12','2024-04-14 11:50:12'),(379,116,22,'2024-04-14 11:50:12','2024-04-14 11:50:12'),(380,171,44,'2024-04-14 11:50:12','2024-04-14 11:50:12'),(381,5,36,'2024-04-14 11:50:12','2024-04-14 11:50:12'),(382,177,24,'2024-04-14 11:50:12','2024-04-14 11:50:12'),(383,95,17,'2024-04-14 11:50:12','2024-04-14 11:50:12'),(384,70,22,'2024-04-14 11:50:12','2024-04-14 11:50:12'),(385,40,3,'2024-04-14 11:50:12','2024-04-14 11:50:12'),(386,88,49,'2024-04-14 11:50:12','2024-04-14 11:50:12'),(387,184,38,'2024-04-14 11:50:12','2024-04-14 11:50:12'),(388,184,20,'2024-04-14 11:50:12','2024-04-14 11:50:12'),(389,97,24,'2024-04-14 11:50:12','2024-04-14 11:50:12'),(390,117,43,'2024-04-14 11:50:12','2024-04-14 11:50:12'),(391,38,51,'2024-04-14 11:50:12','2024-04-14 11:50:12'),(392,165,2,'2024-04-14 11:50:12','2024-04-14 11:50:12'),(393,67,4,'2024-04-14 11:50:12','2024-04-14 11:50:12'),(394,147,24,'2024-04-14 11:50:12','2024-04-14 11:50:12'),(395,22,18,'2024-04-14 11:50:12','2024-04-14 11:50:12'),(396,150,46,'2024-04-14 11:50:12','2024-04-14 11:50:12'),(397,109,17,'2024-04-14 11:50:12','2024-04-14 11:50:12'),(398,102,33,'2024-04-14 11:50:12','2024-04-14 11:50:12'),(399,169,27,'2024-04-14 11:50:12','2024-04-14 11:50:12'),(400,182,29,'2024-04-14 11:50:12','2024-04-14 11:50:12'),(401,181,12,'2024-04-14 11:50:12','2024-04-14 11:50:12'),(402,144,44,'2024-04-14 11:50:12','2024-04-14 11:50:12'),(403,15,2,'2024-04-14 11:50:12','2024-04-14 11:50:12');
/*!40000 ALTER TABLE `Supervisor` ENABLE KEYS */;
UNLOCK TABLES;

--
-- Table structure for table `failed_jobs`
--

DROP TABLE IF EXISTS `failed_jobs`;
/*!40101 SET @saved_cs_client     = @@character_set_client */;
/*!40101 SET character_set_client = utf8 */;
CREATE TABLE `failed_jobs` (
  `id` bigint(20) unsigned NOT NULL AUTO_INCREMENT,
  `uuid` varchar(255) NOT NULL,
  `connection` text NOT NULL,
  `queue` text NOT NULL,
  `payload` longtext NOT NULL,
  `exception` longtext NOT NULL,
  `failed_at` timestamp NOT NULL DEFAULT current_timestamp(),
  PRIMARY KEY (`id`),
  UNIQUE KEY `failed_jobs_uuid_unique` (`uuid`)
) ENGINE=InnoDB DEFAULT CHARSET=utf8mb4 COLLATE=utf8mb4_unicode_ci;
/*!40101 SET character_set_client = @saved_cs_client */;

--
-- Dumping data for table `failed_jobs`
--

LOCK TABLES `failed_jobs` WRITE;
/*!40000 ALTER TABLE `failed_jobs` DISABLE KEYS */;
/*!40000 ALTER TABLE `failed_jobs` ENABLE KEYS */;
UNLOCK TABLES;

--
-- Table structure for table `migrations`
--

DROP TABLE IF EXISTS `migrations`;
/*!40101 SET @saved_cs_client     = @@character_set_client */;
/*!40101 SET character_set_client = utf8 */;
CREATE TABLE `migrations` (
  `id` int(10) unsigned NOT NULL AUTO_INCREMENT,
  `migration` varchar(255) NOT NULL,
  `batch` int(11) NOT NULL,
  PRIMARY KEY (`id`)
) ENGINE=InnoDB AUTO_INCREMENT=42 DEFAULT CHARSET=utf8mb4 COLLATE=utf8mb4_unicode_ci;
/*!40101 SET character_set_client = @saved_cs_client */;

--
-- Dumping data for table `migrations`
--

LOCK TABLES `migrations` WRITE;
/*!40000 ALTER TABLE `migrations` DISABLE KEYS */;
INSERT INTO `migrations` VALUES (1,'2014_10_12_000000_create_users_table',1),(2,'2014_10_12_100000_create_password_reset_tokens_table',1),(3,'2019_08_19_000000_create_failed_jobs_table',1),(4,'2019_12_14_000001_create_personal_access_tokens_table',1),(35,'2024_03_13_221517_create_animals_table',2),(36,'2024_03_13_224429_create_food_animals_table',3),(37,'2024_03_13_224608_create_food_table',4),(38,'2024_03_13_224740_create_supervisors_table',5),(39,'2024_03_13_224959_create_employees_table',6),(40,'2024_03_13_225233_add_key',7),(41,'0000_00_00_000000_create_websockets_statistics_entries_table',8);
/*!40000 ALTER TABLE `migrations` ENABLE KEYS */;
UNLOCK TABLES;

--
-- Table structure for table `password_reset_tokens`
--

DROP TABLE IF EXISTS `password_reset_tokens`;
/*!40101 SET @saved_cs_client     = @@character_set_client */;
/*!40101 SET character_set_client = utf8 */;
CREATE TABLE `password_reset_tokens` (
  `email` varchar(255) NOT NULL,
  `token` varchar(255) NOT NULL,
  `created_at` timestamp NULL DEFAULT NULL,
  PRIMARY KEY (`email`)
) ENGINE=InnoDB DEFAULT CHARSET=utf8mb4 COLLATE=utf8mb4_unicode_ci;
/*!40101 SET character_set_client = @saved_cs_client */;

--
-- Dumping data for table `password_reset_tokens`
--

LOCK TABLES `password_reset_tokens` WRITE;
/*!40000 ALTER TABLE `password_reset_tokens` DISABLE KEYS */;
/*!40000 ALTER TABLE `password_reset_tokens` ENABLE KEYS */;
UNLOCK TABLES;

--
-- Table structure for table `personal_access_tokens`
--

DROP TABLE IF EXISTS `personal_access_tokens`;
/*!40101 SET @saved_cs_client     = @@character_set_client */;
/*!40101 SET character_set_client = utf8 */;
CREATE TABLE `personal_access_tokens` (
  `id` bigint(20) unsigned NOT NULL AUTO_INCREMENT,
  `tokenable_type` varchar(255) NOT NULL,
  `tokenable_id` bigint(20) unsigned NOT NULL,
  `name` varchar(255) NOT NULL,
  `token` varchar(64) NOT NULL,
  `abilities` text DEFAULT NULL,
  `last_used_at` timestamp NULL DEFAULT NULL,
  `expires_at` timestamp NULL DEFAULT NULL,
  `created_at` timestamp NULL DEFAULT NULL,
  `updated_at` timestamp NULL DEFAULT NULL,
  PRIMARY KEY (`id`),
  UNIQUE KEY `personal_access_tokens_token_unique` (`token`),
  KEY `personal_access_tokens_tokenable_type_tokenable_id_index` (`tokenable_type`,`tokenable_id`)
) ENGINE=InnoDB DEFAULT CHARSET=utf8mb4 COLLATE=utf8mb4_unicode_ci;
/*!40101 SET character_set_client = @saved_cs_client */;

--
-- Dumping data for table `personal_access_tokens`
--

LOCK TABLES `personal_access_tokens` WRITE;
/*!40000 ALTER TABLE `personal_access_tokens` DISABLE KEYS */;
/*!40000 ALTER TABLE `personal_access_tokens` ENABLE KEYS */;
UNLOCK TABLES;

--
-- Table structure for table `users`
--

DROP TABLE IF EXISTS `users`;
/*!40101 SET @saved_cs_client     = @@character_set_client */;
/*!40101 SET character_set_client = utf8 */;
CREATE TABLE `users` (
  `id` bigint(20) unsigned NOT NULL AUTO_INCREMENT,
  `name` varchar(255) NOT NULL,
  `email` varchar(255) NOT NULL,
  `email_verified_at` timestamp NULL DEFAULT NULL,
  `password` varchar(255) NOT NULL,
  `remember_token` varchar(100) DEFAULT NULL,
  `created_at` timestamp NULL DEFAULT NULL,
  `updated_at` timestamp NULL DEFAULT NULL,
  PRIMARY KEY (`id`),
  UNIQUE KEY `users_email_unique` (`email`)
) ENGINE=InnoDB DEFAULT CHARSET=utf8mb4 COLLATE=utf8mb4_unicode_ci;
/*!40101 SET character_set_client = @saved_cs_client */;

--
-- Dumping data for table `users`
--

LOCK TABLES `users` WRITE;
/*!40000 ALTER TABLE `users` DISABLE KEYS */;
/*!40000 ALTER TABLE `users` ENABLE KEYS */;
UNLOCK TABLES;

--
-- Table structure for table `websockets_statistics_entries`
--

DROP TABLE IF EXISTS `websockets_statistics_entries`;
/*!40101 SET @saved_cs_client     = @@character_set_client */;
/*!40101 SET character_set_client = utf8 */;
CREATE TABLE `websockets_statistics_entries` (
  `id` int(10) unsigned NOT NULL AUTO_INCREMENT,
  `app_id` varchar(255) NOT NULL,
  `peak_connection_count` int(11) NOT NULL,
  `websocket_message_count` int(11) NOT NULL,
  `api_message_count` int(11) NOT NULL,
  `created_at` timestamp NULL DEFAULT NULL,
  `updated_at` timestamp NULL DEFAULT NULL,
  PRIMARY KEY (`id`)
) ENGINE=InnoDB DEFAULT CHARSET=utf8mb4 COLLATE=utf8mb4_unicode_ci;
/*!40101 SET character_set_client = @saved_cs_client */;

--
-- Dumping data for table `websockets_statistics_entries`
--

LOCK TABLES `websockets_statistics_entries` WRITE;
/*!40000 ALTER TABLE `websockets_statistics_entries` DISABLE KEYS */;
/*!40000 ALTER TABLE `websockets_statistics_entries` ENABLE KEYS */;
UNLOCK TABLES;
/*!40103 SET TIME_ZONE=@OLD_TIME_ZONE */;

/*!40101 SET SQL_MODE=@OLD_SQL_MODE */;
/*!40014 SET FOREIGN_KEY_CHECKS=@OLD_FOREIGN_KEY_CHECKS */;
/*!40014 SET UNIQUE_CHECKS=@OLD_UNIQUE_CHECKS */;
/*!40101 SET CHARACTER_SET_CLIENT=@OLD_CHARACTER_SET_CLIENT */;
/*!40101 SET CHARACTER_SET_RESULTS=@OLD_CHARACTER_SET_RESULTS */;
/*!40101 SET COLLATION_CONNECTION=@OLD_COLLATION_CONNECTION */;
/*!40111 SET SQL_NOTES=@OLD_SQL_NOTES */;

-- Dump completed on 2024-04-14 20:12:50
